Query ID	Subject ID	Genome	Genome ID	Accession	Description	Sequence Type	Identity (%)	Query cover (%)	Subject cover (%	Hit from	Hit to	Query Length	Subject Length	Score	E value
CR-75_QB5629_2019-08-29_F04	888063.3.NZ_AFHR01000079	Enterobacter hormaechei ATCC 49162	888063.3	NZ_AFHR01000079	Enterobacter hormaechei ATCC 49162 contig00079, whole genome shotgun sequence.	chromosome	98	100.00	86.41	1540	129	1411	1634	2479	0
CR-75_QB5629_2019-08-29_F04	61647.10.CP009450	Pluralibacter gergoviae FB2	61647.10	CP009450	Pluralibacter gergoviae strain FB2, complete genome.	chromosome	98	100.00	0.03	536854	535443	1411	5489680	2457	0
CR-75_QB5629_2019-08-29_F04	83655.10.CP013990	Leclercia adecarboxylata strain USDA-ARS-USMARC-60222	83655.10	CP013990	Leclercia adecarboxylata strain USDA-ARS-USMARC-60222, complete genome.	chromosome	98	100.00	0.03	20417	21826	1411	4803917	2450	0
CR-75_QB5629_2019-08-29_F04	1333848.3.CP007557	Citrobacter freundii CFNIH1	1333848.3	CP007557	Citrobacter freundii CFNIH1, complete genome.	chromosome	98	100.00	0.03	1530787	1532196	1411	5099034	2444	0
CR-75_QB5629_2019-08-29_F04	82977.3.JPRU01000007	Buttiauxella agrestis strain MCE	82977.3	JPRU01000007	Buttiauxella agrestis strain MCE Contig_16, whole genome shotgun sequence.	contig	98	100.00	1.40	22103	23512	1411	100929	2439	0
CR-75_QB5629_2019-08-29_F04	693444.3.CP003938	Enterobacteriaceae bacterium strain FGI 57	693444.3	CP003938	Enterobacteriaceae bacterium strain FGI 57, complete genome.	chromosome	98	100.00	0.03	1112142	1113554	1411	4762179	2437	0
CR-75_QB5629_2019-08-29_F04	399742.10.NC_009436	Enterobacter sp. 638	399742.10	NC_009436	Enterobacter sp. 638, complete genome.	chromosome	98	100.00	0.03	250933	252342	1411	4518712	2428	0
CR-75_QB5629_2019-08-29_F04	980518.3.AEXB01000023	Enterobacter mori LMG 25706	980518.3	AEXB01000023	Enterobacter mori LMG 25706 ENTMOcontig23, whole genome shotgun sequence.	chromosome	98	100.00	91.10	1539	127	1411	1551	2426	0
CR-75_QB5629_2019-08-29_F04	980518.3.AEXB01000008	Enterobacter mori LMG 25706	980518.3	AEXB01000008	Enterobacter mori LMG 25706 ENTMOcontig8, whole genome shotgun sequence.	chromosome	98	100.00	75.85	1546	134	1411	1863	2426	0
CR-75_QB5629_2019-08-29_F04	82977.3.JPRU01000006	Buttiauxella agrestis strain MCE	82977.3	JPRU01000006	Buttiauxella agrestis strain MCE Contig_6, whole genome shotgun sequence.	contig	98	100.00	1.08	3016	1607	1411	130381	2424	0
escherichia-coli-k-12	511145.12.NC_000913	Escherichia coli str. K-12 substr. MG1655	511145.12	NC_000913	Escherichia coli str. K-12 substr. MG1655, complete genome.	chromosome	100	100.00	0.03	223771	225312	1542	4639675	2849	0
escherichia-coli-k-12	386585.9.NC_002695	Escherichia coli O157:H7 str. Sakai	386585.9	NC_002695	Escherichia coli O157:H7 str. Sakai, complete genome.	chromosome	100	100.00	0.03	4735252	4736793	1542	5498450	2843	0
escherichia-coli-k-12	585056.7.NC_011751	Escherichia coli UMN026	585056.7	NC_011751	Escherichia coli UMN026, complete genome.	chromosome	100	100.00	0.03	3875023	3873482	1542	5202090	2838	0
escherichia-coli-k-12	585057.6.NC_011750	Escherichia coli IAI39	585057.6	NC_011750	Escherichia coli IAI39, complete genome.	chromosome	100	100.00	0.03	3943138	3941597	1542	5132068	2832	0
escherichia-coli-k-12	685038.3.CP001855	Escherichia coli O83:H1 str. NRG 857C	685038.3	CP001855	Escherichia coli O83:H1 str. NRG 857C, complete genome.	chromosome	100	100.00	0.03	2719143	2717602	1542	4747819	2826	0
escherichia-coli-k-12	300269.12.NC_007384	Shigella sonnei Ss046	300269.12	NC_007384	Shigella sonnei Ss046, complete genome.	chromosome	100	100.00	0.03	240084	241625	1542	4825265	2815	0
escherichia-coli-k-12	585054.5.NC_011740	Escherichia fergusonii ATCC 35469	585054.5	NC_011740	Escherichia fergusonii ATCC 35469, complete genome.	chromosome	99	100.00	0.03	481833	483374	1542	4588711	2788	0
escherichia-coli-k-12	300267.13.NC_007606	Shigella dysenteriae Sd197	300267.13	NC_007606	Shigella dysenteriae Sd197, complete genome.	chromosome	99	100.00	0.04	224744	226285	1542	4369232	2777	0
escherichia-coli-k-12	198214.7.NC_004337	Shigella flexneri 2a str. 301	198214.7	NC_004337	Shigella flexneri 2a str. 301, complete genome.	chromosome	99	100.00	0.03	3951291	3952832	1542	4607203	2777	0
escherichia-coli-k-12	300268.11.NC_007613	Shigella boydii Sb227	300268.11	NC_007613	Shigella boydii Sb227, complete genome.	chromosome	99	100.00	0.03	3790015	3791556	1542	4519823	2777	0
H-D3-gfp_QB5629_2019-08-29_G05	1207075.3.CP003880	Pseudomonas sp. UW4	1207075.3	CP003880	Pseudomonas sp. UW4	chromosome	100	100.00	0.02	1080597	1081999	1403	6183388	2559	0
H-D3-gfp_QB5629_2019-08-29_G05	1150862.3.AIEU01000016	Pseudomonas fuscovaginae UPB0736	1150862.3	AIEU01000016	Pseudomonas fuscovaginae UPB0736 scf_10724_16_contig_1, whole genome shotgun sequence.	chromosome	98	100.00	83.21	139	1541	1403	1686	2465	0
H-D3-gfp_QB5629_2019-08-29_G05	1211579.3.AP013070	Pseudomonas putida NBRC 14164	1211579.3	AP013070	Pseudomonas putida NBRC 14164 DNA, complete genome.	chromosome	98	100.00	0.02	169524	170926	1403	6156701	2459	0
H-D3-gfp_QB5629_2019-08-29_G05	994484.3.NC_015379	Pseudomonas brassicacearum subsp. brassicacearum NFM421	994484.3	NC_015379	Pseudomonas brassicacearum subsp. brassicacearum NFM421 chromosome, complete genome.	chromosome	98	100.00	0.02	6173081	6171679	1403	6843248	2459	0
H-D3-gfp_QB5629_2019-08-29_G05	690598.6.AKBQ01000002	Pseudomonas agarici NCPPB 2289	690598.6	AKBQ01000002	Pseudomonas agarici NCPPB 2289 scf_16369_2_contig_1, whole genome shotgun sequence.	chromosome	98	100.00	76.42	289	1691	1403	1836	2453	0
H-D3-gfp_QB5629_2019-08-29_G05	1179778.3.AJWX01000059	Pseudomonas sp. M47T1	1179778.3	AJWX01000059	Pseudomonas sp. M47T1 contig059, whole genome shotgun sequence.	chromosome	98	100.00	77.06	274	1677	1403	1822	2448	0
H-D3-gfp_QB5629_2019-08-29_G05	1114970.3.CP003150	Pseudomonas fluorescens F113	1114970.3	CP003150	Pseudomonas fluorescens F113, complete genome.	chromosome	98	100.00	0.02	165951	167353	1403	6845832	2448	0
H-D3-gfp_QB5629_2019-08-29_G05	1042209.11.AFOY02000020	Pseudomonas fluorescens HK44	1042209.11	AFOY02000020	Pseudomonas fluorescens HK44 Contig20, whole genome shotgun sequence.	contig	98	100.00	2.65	247	1649	1403	52898	2442	0
H-D3-gfp_QB5629_2019-08-29_G05	237609.3.CP009048	Pseudomonas alkylphenolia strain KL28	237609.3	CP009048	Pseudomonas alkylphenolia strain KL28, complete genome.	chromosome	98	100.00	0.02	154161	155563	1403	5764622	2442	0
H-D3-gfp_QB5629_2019-08-29_G05	243924.3.JRMB01000004	Pseudomonas lutea DSM 17257	243924.3	JRMB01000004	Pseudomonas lutea strain DSM 17257 Contig004, whole genome shotgun sequence.	contig	98	100.00	0.38	368644	370046	1403	372002	2437	0
H-E5_QB5629_2019-08-29_D08	1117958.3.AHIP01000073	Pseudomonas extremaustralis 14-3 substr. 14-3b	1117958.3	AHIP01000073	Pseudomonas extremaustralis 14-3 substr. 14-3b strain 14-3 contig00073, whole genome shotgun sequence.	chromosome	99	100.00	25.93	5154	3749	1404	5423	2513	0
H-E5_QB5629_2019-08-29_D08	216595.4.NC_012660	Pseudomonas fluorescens SBW25	216595.4	NC_012660	Pseudomonas fluorescens SBW25, complete genome.	chromosome	99	100.00	0.02	119771	121176	1404	6722539	2513	0
H-E5_QB5629_2019-08-29_D08	1295141.3.AOUH01000021	Pseudomonas veronii 1YdBTEX2	1295141.3	AOUH01000021	Pseudomonas veronii 1YdBTEX2 Contig21, whole genome shotgun sequence.	chromosome	99	100.00	0.81	171191	172596	1404	173501	2507	0
H-E5_QB5629_2019-08-29_D08	1114970.3.CP003150	Pseudomonas fluorescens F113	1114970.3	CP003150	Pseudomonas fluorescens F113, complete genome.	chromosome	99	100.00	0.02	165949	167354	1404	6845832	2501	0
H-E5_QB5629_2019-08-29_D08	1042209.11.AFOY02000020	Pseudomonas fluorescens HK44	1042209.11	AFOY02000020	Pseudomonas fluorescens HK44 Contig20, whole genome shotgun sequence.	contig	99	100.00	2.66	245	1650	1404	52898	2496	0
H-E5_QB5629_2019-08-29_D08	994484.3.NC_015379	Pseudomonas brassicacearum subsp. brassicacearum NFM421	994484.3	NC_015379	Pseudomonas brassicacearum subsp. brassicacearum NFM421 chromosome, complete genome.	chromosome	99	100.00	0.02	6173083	6171678	1404	6843248	2490	0
H-E5_QB5629_2019-08-29_D08	1147786.5.AJFM01000072	Pseudomonas mandelii JR-1	1147786.5	AJFM01000072	Pseudomonas mandelii JR-1 contig00072, whole genome shotgun sequence.	chromosome	99	100.00	82.57	1553	147	1404	1704	2485	0
H-E5_QB5629_2019-08-29_D08	205918.7.NC_007005	Pseudomonas syringae pv. syringae B728a	205918.7	NC_007005	Pseudomonas syringae pv. syringae B728a, complete genome.	chromosome	98	100.00	0.02	5953135	5951728	1404	6093698	2465	0
H-E5_QB5629_2019-08-29_D08	573066.3.NZ_GG699488	Pseudomonas syringae pv. tabaci str. ATCC 11528	573066.3	NZ_GG699488	Pseudomonas syringae pv. tabaci ATCC 11528 genomic scaffold supercontig_554.1, whole genome shotgun sequence.	chromosome	98	100.00	0.32	243095	244502	1404	443650	2465	0
H-E5_QB5629_2019-08-29_D08	1295141.3.AOUH01000018	Pseudomonas veronii 1YdBTEX2	1295141.3	AOUH01000018	Pseudomonas veronii 1YdBTEX2 Contig18, whole genome shotgun sequence.	chromosome	98	100.00	0.42	169316	170716	1404	335449	2463	0
K-A10_QB5629_2019-08-29_F02	1286170.3.CP004142	Raoultella ornithinolytica B6	1286170.3	CP004142	Raoultella ornithinolytica B6, complete genome.	chromosome	99	99.93	0.03	3982403	3980998	1407	5398151	2553	0
K-A10_QB5629_2019-08-29_F02	1028307.3.NC_015663	Enterobacter aerogenes KCTC 2190	1028307.3	NC_015663	Enterobacter aerogenes KCTC 2190 chromosome, complete genome.	chromosome	99	99.93	0.03	1738749	1740154	1407	5280350	2520	0
K-A10_QB5629_2019-08-29_F02	571.62.CP011636	Klebsiella oxytoca strain CAV1374	571.62	CP011636	Klebsiella oxytoca strain CAV1374, complete genome.	chromosome	98	99.93	0.02	61646	60241	1407	6257473	2476	0
K-A10_QB5629_2019-08-29_F02	1006551.4.CP003218	Klebsiella oxytoca KCTC 1686	1006551.4	CP003218	Klebsiella oxytoca KCTC 1686, complete genome.	chromosome	98	99.93	0.02	1658185	1659590	1407	5974109	2476	0
K-A10_QB5629_2019-08-29_F02	640513.3.NC_015968	Enterobacter asburiae LF7a	640513.3	NC_015968	Enterobacter asburiae LF7a chromosome, complete genome.	chromosome	98	99.93	0.03	4286805	4285400	1407	4812833	2459	0
K-A10_QB5629_2019-08-29_F02	693444.3.CP003938	Enterobacteriaceae bacterium strain FGI 57	693444.3	CP003938	Enterobacteriaceae bacterium strain FGI 57, complete genome.	chromosome	98	99.93	0.03	4714508	4713101	1407	4762179	2455	0
K-A10_QB5629_2019-08-29_F02	158822.7.CP009458	Cedecea neteri M006	158822.7	CP009458	Cedecea neteri strain M006, complete genome.	chromosome	98	99.93	0.03	1124153	1125560	1407	4965436	2455	0
K-A10_QB5629_2019-08-29_F02	399742.10.NC_009436	Enterobacter sp. 638	399742.10	NC_009436	Enterobacter sp. 638, complete genome.	chromosome	98	99.93	0.03	4471206	4469801	1407	4518712	2453	0
K-A10_QB5629_2019-08-29_F02	272620.9.NC_009648	Klebsiella pneumoniae subsp. pneumoniae MGH 78578	272620.9	NC_009648	Klebsiella pneumoniae subsp. pneumoniae MGH 78578, complete genome.	chromosome	98	99.93	0.03	3204365	3202960	1407	5315120	2448	0
K-A10_QB5629_2019-08-29_F02	158822.6.CP009451	Cedecea neteri SSMD04	158822.6	CP009451	Cedecea neteri strain SSMD04, complete genome.	chromosome	98	99.93	0.03	1762982	1761577	1407	4876443	2442	0
K-A4_QB5629_2019-08-29_C02	706191.3.NC_013956	Pantoea ananatis LMG 20103	706191.3	NC_013956	Pantoea ananatis LMG 20103 chromosome, complete genome.	chromosome	97	99.86	0.03	3984942	3983532	1406	4690298	2389	0
K-A4_QB5629_2019-08-29_C02	549.24.CP014129	Pantoea agglomerans strain FDAARGOS_160	549.24	CP014129	Pantoea agglomerans strain FDAARGOS_160, complete genome.	chromosome	97	99.86	0.03	172442	171032	1406	4050093	2372	0
K-A4_QB5629_2019-08-29_C02	553.3.NC_016816	Pantoea ananatis LMG 5342	553.3	NC_016816	Pantoea ananatis LMG 5342, complete genome.	chromosome	97	99.86	0.03	96828	98239	1406	4605545	2346	0
K-A4_QB5629_2019-08-29_C02	470934.10.JUQR01000382	Pantoea vagans strain 848_PVAG	470934.10	JUQR01000382	Pantoea vagans strain 848_PVAG 917_1689_168380, whole genome shotgun sequence.	contig	96	99.86	83.66	149	1561	1406	1689	2297	0
K-A4_QB5629_2019-08-29_C02	660596.6.AHIE01000042	Pantoea stewartii subsp. stewartii DC283	660596.6	AHIE01000042	Pantoea stewartii subsp. stewartii DC283 WGS_Sequence42, whole genome shotgun sequence.	chromosome	96	99.86	20.50	547	1959	1406	6892	2291	0
K-A4_QB5629_2019-08-29_C02	83655.10.CP013990	Leclercia adecarboxylata strain USDA-ARS-USMARC-60222	83655.10	CP013990	Leclercia adecarboxylata strain USDA-ARS-USMARC-60222, complete genome.	chromosome	96	99.86	0.03	4562034	4560624	1406	4803917	2284	0
K-A4_QB5629_2019-08-29_C02	1267600.3.JFGT01000008	Pantoea sp. IMH	1267600.3	JFGT01000008	Pantoea sp. IMH Scaffold2_1, whole genome shotgun sequence.	chromosome	96	99.86	88.98	66	1478	1406	1588	2274	0
K-A4_QB5629_2019-08-29_C02	1267600.3.JFGT01000005	Pantoea sp. IMH	1267600.3	JFGT01000005	Pantoea sp. IMH Scaffold1_5, whole genome shotgun sequence.	chromosome	96	99.86	0.11	273945	275357	1406	1252620	2274	0
K-A4_QB5629_2019-08-29_C02	1267600.3.JFGT01000004	Pantoea sp. IMH	1267600.3	JFGT01000004	Pantoea sp. IMH Scaffold1_4, whole genome shotgun sequence.	chromosome	96	99.86	0.38	5015	3603	1406	376049	2274	0
K-A4_QB5629_2019-08-29_C02	1267600.3.JFGT01000003	Pantoea sp. IMH	1267600.3	JFGT01000003	Pantoea sp. IMH Scaffold1_3, whole genome shotgun sequence.	chromosome	96	99.86	0.60	199824	198412	1406	235354	2274	0
K-A7_QB5629_2019-08-29_E02	1028307.3.NC_015663	Enterobacter aerogenes KCTC 2190	1028307.3	NC_015663	Enterobacter aerogenes KCTC 2190 chromosome, complete genome.	chromosome	98	99.79	0.03	1604570	1605976	1403	5280350	2431	0
K-A7_QB5629_2019-08-29_E02	640513.3.NC_015968	Enterobacter asburiae LF7a	640513.3	NC_015968	Enterobacter asburiae LF7a chromosome, complete genome.	chromosome	98	99.79	0.03	4286806	4285400	1403	4812833	2415	0
K-A7_QB5629_2019-08-29_E02	82977.3.JPRU01000007	Buttiauxella agrestis strain MCE	82977.3	JPRU01000007	Buttiauxella agrestis strain MCE Contig_16, whole genome shotgun sequence.	contig	98	99.79	1.39	22103	23509	1403	100929	2409	0
K-A7_QB5629_2019-08-29_E02	158822.6.CP009451	Cedecea neteri SSMD04	158822.6	CP009451	Cedecea neteri strain SSMD04, complete genome.	chromosome	98	99.79	0.03	1762983	1761577	1403	4876443	2409	0
K-A7_QB5629_2019-08-29_E02	158822.7.CP009458	Cedecea neteri M006	158822.7	CP009458	Cedecea neteri strain M006, complete genome.	chromosome	98	99.79	0.03	1124152	1125560	1403	4965436	2405	0
K-A7_QB5629_2019-08-29_E02	1076550.3.CP009454	Pantoea rwandensis ND04	1076550.3	CP009454	Pantoea rwandensis strain ND04, complete genome.	chromosome	98	99.79	0.03	1575524	1576930	1403	4327607	2404	0
K-A7_QB5629_2019-08-29_E02	1225184.4.ALXE01000006	Pantoea sp. A4	1225184.4	ALXE01000006	Pantoea sp. A4 contig6, whole genome shotgun sequence.	contig	98	99.79	80.26	1538	132	1403	1753	2398	0
K-A7_QB5629_2019-08-29_E02	83655.10.CP013990	Leclercia adecarboxylata strain USDA-ARS-USMARC-60222	83655.10	CP013990	Leclercia adecarboxylata strain USDA-ARS-USMARC-60222, complete genome.	chromosome	98	99.79	0.03	20417	21823	1403	4803917	2398	0
K-A7_QB5629_2019-08-29_E02	82977.3.JPRU01000006	Buttiauxella agrestis strain MCE	82977.3	JPRU01000006	Buttiauxella agrestis strain MCE Contig_6, whole genome shotgun sequence.	contig	97	99.79	1.08	3016	1610	1403	130381	2394	0
K-A7_QB5629_2019-08-29_E02	399742.10.NC_009436	Enterobacter sp. 638	399742.10	NC_009436	Enterobacter sp. 638, complete genome.	chromosome	97	99.79	0.03	250933	252339	1403	4518712	2393	0
K-C10_QB5629_2019-08-29_A03	549.24.CP014129	Pantoea agglomerans strain FDAARGOS_160	549.24	CP014129	Pantoea agglomerans strain FDAARGOS_160, complete genome.	chromosome	99	100.00	0.03	172441	171032	1409	4050093	2520	0
K-C10_QB5629_2019-08-29_A03	553.3.NC_016816	Pantoea ananatis LMG 5342	553.3	NC_016816	Pantoea ananatis LMG 5342, complete genome.	chromosome	99	100.00	0.03	96829	98239	1409	4605545	2494	0
K-C10_QB5629_2019-08-29_A03	706191.3.NC_013956	Pantoea ananatis LMG 20103	706191.3	NC_013956	Pantoea ananatis LMG 20103 chromosome, complete genome.	chromosome	99	100.00	0.03	3984941	3983532	1409	4690298	2492	0
K-C10_QB5629_2019-08-29_A03	1267600.3.JFGT01000008	Pantoea sp. IMH	1267600.3	JFGT01000008	Pantoea sp. IMH Scaffold2_1, whole genome shotgun sequence.	chromosome	97	100.00	88.92	67	1478	1409	1588	2394	0
K-C10_QB5629_2019-08-29_A03	1267600.3.JFGT01000005	Pantoea sp. IMH	1267600.3	JFGT01000005	Pantoea sp. IMH Scaffold1_5, whole genome shotgun sequence.	chromosome	97	100.00	0.11	273946	275357	1409	1252620	2394	0
K-C10_QB5629_2019-08-29_A03	1267600.3.JFGT01000004	Pantoea sp. IMH	1267600.3	JFGT01000004	Pantoea sp. IMH Scaffold1_4, whole genome shotgun sequence.	chromosome	97	100.00	0.38	5014	3603	1409	376049	2394	0
K-C10_QB5629_2019-08-29_A03	1267600.3.JFGT01000003	Pantoea sp. IMH	1267600.3	JFGT01000003	Pantoea sp. IMH Scaffold1_3, whole genome shotgun sequence.	chromosome	97	100.00	0.60	199823	198412	1409	235354	2394	0
K-C10_QB5629_2019-08-29_A03	1267600.3.JFGT01000002	Pantoea sp. IMH	1267600.3	JFGT01000002	Pantoea sp. IMH Scaffold1_2, whole genome shotgun sequence.	chromosome	97	100.00	0.12	734816	733405	1409	1139861	2394	0
K-C10_QB5629_2019-08-29_A03	660596.6.AHIE01000042	Pantoea stewartii subsp. stewartii DC283	660596.6	AHIE01000042	Pantoea stewartii subsp. stewartii DC283 WGS_Sequence42, whole genome shotgun sequence.	chromosome	97	100.00	20.49	548	1959	1409	6892	2389	0
K-C10_QB5629_2019-08-29_A03	470934.10.JUQR01000382	Pantoea vagans strain 848_PVAG	470934.10	JUQR01000382	Pantoea vagans strain 848_PVAG 917_1689_168380, whole genome shotgun sequence.	contig	97	100.00	83.60	150	1561	1409	1689	2356	0
K-D4_QB5629_2019-08-29_B03	47917.8.CP011254	Serratia fonticola strain DSM 4576	47917.8	CP011254	Serratia fonticola strain DSM 4576, complete genome.	chromosome	100	99.93	0.02	2998506	2999916	1415	6000511	2575	0
K-D4_QB5629_2019-08-29_B03	1332070.3.ASZB01000040	Serratia fonticola AU-P3(3)	1332070.3	ASZB01000040	Serratia fonticola AU-P3(3) contig40, whole genome shotgun sequence.	chromosome	100	99.93	77.66	277	1687	1415	1817	2570	0
K-D4_QB5629_2019-08-29_B03	1346614.3.CP006252	Serratia liquefaciens ATCC 27592	1346614.3	CP006252	Serratia liquefaciens ATCC 27592, complete genome.	chromosome	98	99.93	0.03	4082844	4081432	1415	5238612	2466	0
K-D4_QB5629_2019-08-29_B03	399741.7.NC_009832	Serratia proteamaculans 568	399741.7	NC_009832	Serratia proteamaculans 568, complete genome.	chromosome	98	99.93	0.03	336576	337988	1415	5448853	2455	0
K-D4_QB5629_2019-08-29_B03	682634.4.CP006250	Serratia plymuthica 4Rx13	682634.4	CP006250	Serratia plymuthica 4Rx13, complete genome.	chromosome	98	99.93	0.03	288528	289939	1415	5328010	2439	0
K-D4_QB5629_2019-08-29_B03	1348660.3.CP006566	Serratia plymuthica S13	1348660.3	CP006566	Serratia plymuthica S13, complete genome.	chromosome	98	99.93	0.03	4214372	4212961	1415	5467306	2417	0
K-D4_QB5629_2019-08-29_B03	1346614.3.CP006253	Serratia liquefaciens ATCC 27592	1346614.3	CP006253	Serratia liquefaciens ATCC 27592 plasmid, complete sequence.	plasmid	97	99.93	3.20	2576	1164	1415	44107	2411	0
K-D4_QB5629_2019-08-29_B03	1410619.3.AYKS01000492	Serratia sp. DD3	1410619.3	AYKS01000492	Serratia sp. DD3 SRDD_1064c, whole genome shotgun sequence.	chromosome	97	99.93	20.95	536	1947	1415	6741	2398	0
K-D4_QB5629_2019-08-29_B03	1453496.5.CP009706	Hafnia alvei FB1	1453496.5	CP009706	Hafnia alvei FB1, complete genome.	chromosome	97	99.93	0.03	449085	450497	1415	4712721	2394	0
K-D4_QB5629_2019-08-29_B03	768492.3.NC_015567	Serratia plymuthica AS9	768492.3	NC_015567	Serratia sp. AS9 chromosome, complete genome.	chromosome	97	99.93	0.03	295348	296759	1415	5442880	2394	0
K-D8_QB5629_2019-08-29_D03	399742.10.NC_009436	Enterobacter sp. 638	399742.10	NC_009436	Enterobacter sp. 638, complete genome.	chromosome	99	99.79	0.03	250933	252339	1409	4518712	2498	0
K-D8_QB5629_2019-08-29_D03	1028307.3.NC_015663	Enterobacter aerogenes KCTC 2190	1028307.3	NC_015663	Enterobacter aerogenes KCTC 2190 chromosome, complete genome.	chromosome	98	99.79	0.03	221587	220181	1409	5280350	2420	0
K-D8_QB5629_2019-08-29_D03	1286170.3.CP004142	Raoultella ornithinolytica B6	1286170.3	CP004142	Raoultella ornithinolytica B6, complete genome.	chromosome	98	99.79	0.03	3850550	3849144	1409	5398151	2420	0
K-D8_QB5629_2019-08-29_D03	640513.3.NC_015968	Enterobacter asburiae LF7a	640513.3	NC_015968	Enterobacter asburiae LF7a chromosome, complete genome.	chromosome	98	99.79	0.03	865159	866565	1409	4812833	2415	0
K-D8_QB5629_2019-08-29_D03	82977.3.JPRU01000007	Buttiauxella agrestis strain MCE	82977.3	JPRU01000007	Buttiauxella agrestis strain MCE Contig_16, whole genome shotgun sequence.	contig	98	99.79	1.39	22103	23509	1409	100929	2409	0
K-D8_QB5629_2019-08-29_D03	571.62.CP011636	Klebsiella oxytoca strain CAV1374	571.62	CP011636	Klebsiella oxytoca strain CAV1374, complete genome.	chromosome	98	99.79	0.02	127563	126157	1409	6257473	2404	0
K-D8_QB5629_2019-08-29_D03	1333848.3.CP007557	Citrobacter freundii CFNIH1	1333848.3	CP007557	Citrobacter freundii CFNIH1, complete genome.	chromosome	98	99.79	0.03	1530787	1532193	1409	5099034	2404	0
K-D8_QB5629_2019-08-29_D03	83655.10.CP013990	Leclercia adecarboxylata strain USDA-ARS-USMARC-60222	83655.10	CP013990	Leclercia adecarboxylata strain USDA-ARS-USMARC-60222, complete genome.	chromosome	98	99.79	0.03	469719	471125	1409	4803917	2404	0
K-D8_QB5629_2019-08-29_D03	82977.3.JPRU01000006	Buttiauxella agrestis strain MCE	82977.3	JPRU01000006	Buttiauxella agrestis strain MCE Contig_6, whole genome shotgun sequence.	contig	97	99.79	1.08	3016	1610	1409	130381	2394	0
K-D8_QB5629_2019-08-29_D03	158822.7.CP009458	Cedecea neteri M006	158822.7	CP009458	Cedecea neteri strain M006, complete genome.	chromosome	97	99.79	0.03	1124152	1125560	1409	4965436	2394	0
K-F4_QB5629_2019-08-29_G03	553.3.NC_016816	Pantoea ananatis LMG 5342	553.3	NC_016816	Pantoea ananatis LMG 5342, complete genome.	chromosome	97	99.86	0.03	96830	98236	1410	4605545	2333	0
K-F4_QB5629_2019-08-29_G03	706191.3.NC_013956	Pantoea ananatis LMG 20103	706191.3	NC_013956	Pantoea ananatis LMG 20103 chromosome, complete genome.	chromosome	97	99.86	0.03	959686	961090	1410	4690298	2326	0
K-F4_QB5629_2019-08-29_G03	549.24.CP014129	Pantoea agglomerans strain FDAARGOS_160	549.24	CP014129	Pantoea agglomerans strain FDAARGOS_160, complete genome.	chromosome	96	99.86	0.03	3351771	3350366	1410	4050093	2317	0
K-F4_QB5629_2019-08-29_G03	660596.6.AHIE01000042	Pantoea stewartii subsp. stewartii DC283	660596.6	AHIE01000042	Pantoea stewartii subsp. stewartii DC283 WGS_Sequence42, whole genome shotgun sequence.	chromosome	95	99.86	20.43	549	1956	1410	6892	2236	0
K-F4_QB5629_2019-08-29_G03	1267600.3.JFGT01000008	Pantoea sp. IMH	1267600.3	JFGT01000008	Pantoea sp. IMH Scaffold2_1, whole genome shotgun sequence.	chromosome	95	99.86	88.66	68	1475	1410	1588	2191	0
K-F4_QB5629_2019-08-29_G03	1267600.3.JFGT01000005	Pantoea sp. IMH	1267600.3	JFGT01000005	Pantoea sp. IMH Scaffold1_5, whole genome shotgun sequence.	chromosome	95	99.86	0.11	273947	275354	1410	1252620	2191	0
K-F4_QB5629_2019-08-29_G03	1267600.3.JFGT01000004	Pantoea sp. IMH	1267600.3	JFGT01000004	Pantoea sp. IMH Scaffold1_4, whole genome shotgun sequence.	chromosome	95	99.86	0.37	5013	3606	1410	376049	2191	0
K-F4_QB5629_2019-08-29_G03	1267600.3.JFGT01000003	Pantoea sp. IMH	1267600.3	JFGT01000003	Pantoea sp. IMH Scaffold1_3, whole genome shotgun sequence.	chromosome	95	99.86	0.60	199822	198415	1410	235354	2191	0
K-F4_QB5629_2019-08-29_G03	1267600.3.JFGT01000002	Pantoea sp. IMH	1267600.3	JFGT01000002	Pantoea sp. IMH Scaffold1_2, whole genome shotgun sequence.	chromosome	95	99.86	0.12	734815	733408	1410	1139861	2191	0
K-F4_QB5629_2019-08-29_G03	1484157.3.CP009866	Pantoea sp. PSNIH2	1484157.3	CP009866	Pantoea sp. PSNIH2, complete genome.	chromosome	95	99.86	0.03	575178	576586	1410	4271053	2180	0
K-F8_QB5629_2019-08-29_H03	549.24.CP014129	Pantoea agglomerans strain FDAARGOS_160	549.24	CP014129	Pantoea agglomerans strain FDAARGOS_160, complete genome.	chromosome	95	100.00	0.03	172441	171032	1422	4050093	2217	0
K-F8_QB5629_2019-08-29_H03	706191.3.NC_013956	Pantoea ananatis LMG 20103	706191.3	NC_013956	Pantoea ananatis LMG 20103 chromosome, complete genome.	chromosome	95	100.00	0.03	3984941	3983532	1422	4690298	2195	0
K-F8_QB5629_2019-08-29_H03	553.3.NC_016816	Pantoea ananatis LMG 5342	553.3	NC_016816	Pantoea ananatis LMG 5342, complete genome.	chromosome	94	100.00	0.03	96829	98239	1422	4605545	2173	0
K-F8_QB5629_2019-08-29_H03	1267600.3.JFGT01000008	Pantoea sp. IMH	1267600.3	JFGT01000008	Pantoea sp. IMH Scaffold2_1, whole genome shotgun sequence.	chromosome	94	100.00	88.92	67	1478	1422	1588	2136	0
K-F8_QB5629_2019-08-29_H03	1267600.3.JFGT01000005	Pantoea sp. IMH	1267600.3	JFGT01000005	Pantoea sp. IMH Scaffold1_5, whole genome shotgun sequence.	chromosome	94	100.00	0.11	273946	275357	1422	1252620	2136	0
K-F8_QB5629_2019-08-29_H03	1267600.3.JFGT01000004	Pantoea sp. IMH	1267600.3	JFGT01000004	Pantoea sp. IMH Scaffold1_4, whole genome shotgun sequence.	chromosome	94	100.00	0.38	5014	3603	1422	376049	2136	0
K-F8_QB5629_2019-08-29_H03	1267600.3.JFGT01000003	Pantoea sp. IMH	1267600.3	JFGT01000003	Pantoea sp. IMH Scaffold1_3, whole genome shotgun sequence.	chromosome	94	100.00	0.60	199823	198412	1422	235354	2136	0
K-F8_QB5629_2019-08-29_H03	1267600.3.JFGT01000002	Pantoea sp. IMH	1267600.3	JFGT01000002	Pantoea sp. IMH Scaffold1_2, whole genome shotgun sequence.	chromosome	94	100.00	0.12	734816	733405	1422	1139861	2136	0
K-F8_QB5629_2019-08-29_H03	660596.6.AHIE01000042	Pantoea stewartii subsp. stewartii DC283	660596.6	AHIE01000042	Pantoea stewartii subsp. stewartii DC283 WGS_Sequence42, whole genome shotgun sequence.	chromosome	94	100.00	20.49	548	1959	1422	6892	2130	0
K-F8_QB5629_2019-08-29_H03	470934.10.JUQR01000382	Pantoea vagans strain 848_PVAG	470934.10	JUQR01000382	Pantoea vagans strain 848_PVAG 917_1689_168380, whole genome shotgun sequence.	contig	93	100.00	83.60	150	1561	1422	1689	2103	0
K-H10_QB5629_2019-08-29_D04	47917.8.CP011254	Serratia fonticola strain DSM 4576	47917.8	CP011254	Serratia fonticola strain DSM 4576, complete genome.	chromosome	99	100.00	0.02	2998510	2999916	1405	6000511	2548	0
K-H10_QB5629_2019-08-29_D04	1332070.3.ASZB01000040	Serratia fonticola AU-P3(3)	1332070.3	ASZB01000040	Serratia fonticola AU-P3(3) contig40, whole genome shotgun sequence.	chromosome	99	100.00	77.44	281	1687	1405	1817	2542	0
K-H10_QB5629_2019-08-29_D04	1346614.3.CP006252	Serratia liquefaciens ATCC 27592	1346614.3	CP006252	Serratia liquefaciens ATCC 27592, complete genome.	chromosome	98	100.00	0.03	4082840	4081432	1405	5238612	2439	0
K-H10_QB5629_2019-08-29_D04	399741.7.NC_009832	Serratia proteamaculans 568	399741.7	NC_009832	Serratia proteamaculans 568, complete genome.	chromosome	98	100.00	0.03	336580	337988	1405	5448853	2428	0
K-H10_QB5629_2019-08-29_D04	682634.4.CP006250	Serratia plymuthica 4Rx13	682634.4	CP006250	Serratia plymuthica 4Rx13, complete genome.	chromosome	98	100.00	0.03	288532	289939	1405	5328010	2409	0
K-H10_QB5629_2019-08-29_D04	1348660.3.CP006566	Serratia plymuthica S13	1348660.3	CP006566	Serratia plymuthica S13, complete genome.	chromosome	97	100.00	0.03	4214368	4212961	1405	5467306	2387	0
K-H10_QB5629_2019-08-29_D04	1346614.3.CP006253	Serratia liquefaciens ATCC 27592	1346614.3	CP006253	Serratia liquefaciens ATCC 27592 plasmid, complete sequence.	plasmid	97	100.00	3.19	2572	1164	1405	44107	2383	0
K-H10_QB5629_2019-08-29_D04	1410619.3.AYKS01000492	Serratia sp. DD3	1410619.3	AYKS01000492	Serratia sp. DD3 SRDD_1064c, whole genome shotgun sequence.	chromosome	97	100.00	20.89	540	1947	1405	6741	2369	0
K-H10_QB5629_2019-08-29_D04	1453496.5.CP009706	Hafnia alvei FB1	1453496.5	CP009706	Hafnia alvei FB1, complete genome.	chromosome	97	100.00	0.03	449089	450497	1405	4712721	2367	0
K-H10_QB5629_2019-08-29_D04	768492.3.NC_015567	Serratia plymuthica AS9	768492.3	NC_015567	Serratia sp. AS9 chromosome, complete genome.	chromosome	97	100.00	0.03	295352	296759	1405	5442880	2365	0
L-C5_QB5629_2019-08-29_A09	1117958.3.AHIP01000073	Pseudomonas extremaustralis 14-3 substr. 14-3b	1117958.3	AHIP01000073	Pseudomonas extremaustralis 14-3 substr. 14-3b strain 14-3 contig00073, whole genome shotgun sequence.	chromosome	99	99.93	25.91	5153	3749	1409	5423	2537	0
L-C5_QB5629_2019-08-29_A09	216595.4.NC_012660	Pseudomonas fluorescens SBW25	216595.4	NC_012660	Pseudomonas fluorescens SBW25, complete genome.	chromosome	99	99.93	0.02	119772	121176	1409	6722539	2537	0
L-C5_QB5629_2019-08-29_A09	1042209.11.AFOY02000020	Pseudomonas fluorescens HK44	1042209.11	AFOY02000020	Pseudomonas fluorescens HK44 Contig20, whole genome shotgun sequence.	contig	99	99.93	2.66	246	1650	1409	52898	2525	0
L-C5_QB5629_2019-08-29_A09	1295141.3.AOUH01000021	Pseudomonas veronii 1YdBTEX2	1295141.3	AOUH01000021	Pseudomonas veronii 1YdBTEX2 Contig21, whole genome shotgun sequence.	chromosome	99	99.93	0.81	171192	172596	1409	173501	2525	0
L-C5_QB5629_2019-08-29_A09	994484.3.NC_015379	Pseudomonas brassicacearum subsp. brassicacearum NFM421	994484.3	NC_015379	Pseudomonas brassicacearum subsp. brassicacearum NFM421 chromosome, complete genome.	chromosome	99	99.93	0.02	182526	183930	1409	6843248	2492	0
L-C5_QB5629_2019-08-29_A09	1295141.3.AOUH01000018	Pseudomonas veronii 1YdBTEX2	1295141.3	AOUH01000018	Pseudomonas veronii 1YdBTEX2 Contig18, whole genome shotgun sequence.	chromosome	99	99.93	0.42	169317	170716	1409	335449	2489	0
L-C5_QB5629_2019-08-29_A09	1114970.3.CP003150	Pseudomonas fluorescens F113	1114970.3	CP003150	Pseudomonas fluorescens F113, complete genome.	chromosome	99	99.93	0.02	165950	167354	1409	6845832	2487	0
L-C5_QB5629_2019-08-29_A09	1037915.3.CM001490	Pseudomonas chlororaphis O6	1037915.3	CM001490	Pseudomonas chlororaphis O6 chromosome, whole genome shotgun sequence.	chromosome	98	99.93	0.02	4795773	4794376	1409	6980251	2459	0
L-C5_QB5629_2019-08-29_A09	1147786.5.AJFM01000072	Pseudomonas mandelii JR-1	1147786.5	AJFM01000072	Pseudomonas mandelii JR-1 contig00072, whole genome shotgun sequence.	chromosome	98	99.93	82.51	1552	147	1409	1704	2444	0
L-C5_QB5629_2019-08-29_A09	1207075.3.CP003880	Pseudomonas sp. UW4	1207075.3	CP003880	Pseudomonas sp. UW4	chromosome	98	99.93	0.02	1080596	1082000	1409	6183388	2437	0
M-A12_QB5629_2019-08-29_A01	745277.3.CP003244	Rahnella aquatilis CIP 78.65 = ATCC 33071	745277.3	CP003244	Rahnella aquatilis CIP 78.65 = ATCC 33071, complete genome.	chromosome	97	99.93	0.03	411629	413041	1413	4861101	2409	0
M-A12_QB5629_2019-08-29_A01	1443113.3.CP007448	Yersinia enterocolitica LC20	1443113.3	CP007448	Yersinia enterocolitica LC20, complete genome.	chromosome	97	99.93	0.03	387574	388986	1413	4771331	2387	0
M-A12_QB5629_2019-08-29_A01	527012.3.NZ_ACCA01000078	Yersinia kristensenii ATCC 33638	527012.3	NZ_ACCA01000078	Yersinia kristensenii ATCC 33638 contig00434, whole genome shotgun sequence.	chromosome	97	99.93	85.74	1535	123	1413	1648	2359	0
M-A12_QB5629_2019-08-29_A01	1453496.5.CP009706	Hafnia alvei FB1	1453496.5	CP009706	Hafnia alvei FB1, complete genome.	chromosome	97	99.93	0.03	4415057	4413645	1413	4712721	2354	0
M-A12_QB5629_2019-08-29_A01	527004.3.NZ_ACCD01000072	Yersinia rohdei ATCC 43380	527004.3	NZ_ACCD01000072	Yersinia rohdei ATCC 43380 contig00215.2, whole genome shotgun sequence.	chromosome	97	99.93	73.14	1511	99	1413	1932	2354	0
M-A12_QB5629_2019-08-29_A01	527004.3.NZ_ACCD01000071	Yersinia rohdei ATCC 43380	527004.3	NZ_ACCD01000071	Yersinia rohdei ATCC 43380 contig00215.1, whole genome shotgun sequence.	chromosome	97	99.93	73.14	1511	99	1413	1932	2354	0
M-A12_QB5629_2019-08-29_A01	469613.3.NZ_GL622695	Enterobacteriaceae bacterium 9_2_54FAA	469613.3	NZ_GL622695	Enterobacteriaceae bacterium 9_2_54FAA genomic scaffold supercont1.10, whole genome shotgun sequence.	chromosome	97	99.93	21.42	5859	4447	1413	6596	2348	0
M-A12_QB5629_2019-08-29_A01	29486.45.CP011078	Yersinia ruckeri strain Big Creek 74	29486.45	CP011078	Yersinia ruckeri strain Big Creek 74, complete genome.	chromosome	97	99.93	0.04	1418334	1416922	1413	3699725	2343	0
M-A12_QB5629_2019-08-29_A01	393305.7.NC_008800	Yersinia enterocolitica subsp. enterocolitica 8081	393305.7	NC_008800	Yersinia enterocolitica subsp. enterocolitica 8081, complete genome.	chromosome	96	99.93	0.03	160576	161988	1413	4615899	2332	0
M-A12_QB5629_2019-08-29_A01	187410.11.NC_004088	Yersinia pestis KIM10+	187410.11	NC_004088	Yersinia pestis KIM, complete genome.	chromosome	96	99.93	0.03	355980	357392	1413	4600755	2321	0
M-B5_QB5629_2019-08-29_B01	1286170.3.CP004142	Raoultella ornithinolytica B6	1286170.3	CP004142	Raoultella ornithinolytica B6, complete genome.	chromosome	99	99.79	0.03	3850551	3849144	1408	5398151	2520	0
M-B5_QB5629_2019-08-29_B01	1028307.3.NC_015663	Enterobacter aerogenes KCTC 2190	1028307.3	NC_015663	Enterobacter aerogenes KCTC 2190 chromosome, complete genome.	chromosome	98	99.79	0.03	221588	220181	1408	5280350	2476	0
M-B5_QB5629_2019-08-29_B01	1006551.4.CP003218	Klebsiella oxytoca KCTC 1686	1006551.4	CP003218	Klebsiella oxytoca KCTC 1686, complete genome.	chromosome	98	99.79	0.02	1556625	1558032	1408	5974109	2431	0
M-B5_QB5629_2019-08-29_B01	693444.3.CP003938	Enterobacteriaceae bacterium strain FGI 57	693444.3	CP003938	Enterobacteriaceae bacterium strain FGI 57, complete genome.	chromosome	98	99.79	0.03	4714510	4713101	1408	4762179	2428	0
M-B5_QB5629_2019-08-29_B01	158822.7.CP009458	Cedecea neteri M006	158822.7	CP009458	Cedecea neteri strain M006, complete genome.	chromosome	98	99.79	0.03	1124151	1125560	1408	4965436	2428	0
M-B5_QB5629_2019-08-29_B01	571.62.CP011636	Klebsiella oxytoca strain CAV1374	571.62	CP011636	Klebsiella oxytoca strain CAV1374, complete genome.	chromosome	98	99.79	0.02	61648	60241	1408	6257473	2426	0
M-B5_QB5629_2019-08-29_B01	399742.10.NC_009436	Enterobacter sp. 638	399742.10	NC_009436	Enterobacter sp. 638, complete genome.	chromosome	98	99.79	0.03	4471208	4469801	1408	4518712	2426	0
M-B5_QB5629_2019-08-29_B01	640513.3.NC_015968	Enterobacter asburiae LF7a	640513.3	NC_015968	Enterobacter asburiae LF7a chromosome, complete genome.	chromosome	98	99.79	0.03	257273	258680	1408	4812833	2426	0
M-B5_QB5629_2019-08-29_B01	158822.6.CP009451	Cedecea neteri SSMD04	158822.6	CP009451	Cedecea neteri strain SSMD04, complete genome.	chromosome	98	99.79	0.03	2501933	2500526	1408	4876443	2404	0
M-B5_QB5629_2019-08-29_B01	272620.9.NC_009648	Klebsiella pneumoniae subsp. pneumoniae MGH 78578	272620.9	NC_009648	Klebsiella pneumoniae subsp. pneumoniae MGH 78578, complete genome.	chromosome	97	99.79	0.03	3204367	3202960	1408	5315120	2398	0
M-C10_QB5629_2019-08-29_D01	82977.3.JPRU01000007	Buttiauxella agrestis strain MCE	82977.3	JPRU01000007	Buttiauxella agrestis strain MCE Contig_16, whole genome shotgun sequence.	contig	99	99.93	1.39	22103	23509	1404	100929	2496	0
M-C10_QB5629_2019-08-29_D01	399742.10.NC_009436	Enterobacter sp. 638	399742.10	NC_009436	Enterobacter sp. 638, complete genome.	chromosome	99	99.93	0.03	250933	252339	1404	4518712	2485	0
M-C10_QB5629_2019-08-29_D01	82977.3.JPRU01000006	Buttiauxella agrestis strain MCE	82977.3	JPRU01000006	Buttiauxella agrestis strain MCE Contig_6, whole genome shotgun sequence.	contig	98	99.93	1.08	3016	1610	1404	130381	2481	0
M-C10_QB5629_2019-08-29_D01	83655.10.CP013990	Leclercia adecarboxylata strain USDA-ARS-USMARC-60222	83655.10	CP013990	Leclercia adecarboxylata strain USDA-ARS-USMARC-60222, complete genome.	chromosome	98	99.93	0.03	20417	21823	1404	4803917	2446	0
M-C10_QB5629_2019-08-29_D01	158822.7.CP009458	Cedecea neteri M006	158822.7	CP009458	Cedecea neteri strain M006, complete genome.	chromosome	98	99.93	0.03	1124152	1125560	1404	4965436	2431	0
M-C10_QB5629_2019-08-29_D01	1333848.3.CP007557	Citrobacter freundii CFNIH1	1333848.3	CP007557	Citrobacter freundii CFNIH1, complete genome.	chromosome	98	99.93	0.03	1530787	1532193	1404	5099034	2429	0
M-C10_QB5629_2019-08-29_D01	1028307.3.NC_015663	Enterobacter aerogenes KCTC 2190	1028307.3	NC_015663	Enterobacter aerogenes KCTC 2190 chromosome, complete genome.	chromosome	98	99.93	0.03	997609	996202	1404	5280350	2424	0
M-C10_QB5629_2019-08-29_D01	158822.6.CP009451	Cedecea neteri SSMD04	158822.6	CP009451	Cedecea neteri strain SSMD04, complete genome.	chromosome	98	99.93	0.03	2501932	2500526	1404	4876443	2424	0
M-C10_QB5629_2019-08-29_D01	640513.3.NC_015968	Enterobacter asburiae LF7a	640513.3	NC_015968	Enterobacter asburiae LF7a chromosome, complete genome.	chromosome	98	99.93	0.03	865159	866565	1404	4812833	2418	0
M-C10_QB5629_2019-08-29_D01	1115515.3.BBMZ01000044	Escherichia vulneris NBRC 102420	1115515.3	BBMZ01000044	Escherichia vulneris NBRC 102420 DNA, contig: EV10242044, whole genome shotgun sequence.	contig	98	99.93	80.96	204	1610	1404	1738	2402	0
M-G11_QB5629_2019-08-29_G01	82977.3.JPRU01000007	Buttiauxella agrestis strain MCE	82977.3	JPRU01000007	Buttiauxella agrestis strain MCE Contig_16, whole genome shotgun sequence.	contig	98	100.00	1.40	22103	23510	1403	100929	2457	0
M-G11_QB5629_2019-08-29_G01	83655.10.CP013990	Leclercia adecarboxylata strain USDA-ARS-USMARC-60222	83655.10	CP013990	Leclercia adecarboxylata strain USDA-ARS-USMARC-60222, complete genome.	chromosome	98	100.00	0.03	20417	21824	1403	4803917	2457	0
M-G11_QB5629_2019-08-29_G01	1333848.3.CP007557	Citrobacter freundii CFNIH1	1333848.3	CP007557	Citrobacter freundii CFNIH1, complete genome.	chromosome	98	100.00	0.03	746368	744961	1403	5099034	2446	0
M-G11_QB5629_2019-08-29_G01	82977.3.JPRU01000006	Buttiauxella agrestis strain MCE	82977.3	JPRU01000006	Buttiauxella agrestis strain MCE Contig_6, whole genome shotgun sequence.	contig	98	100.00	1.08	3016	1609	1403	130381	2442	0
M-G11_QB5629_2019-08-29_G01	399742.10.NC_009436	Enterobacter sp. 638	399742.10	NC_009436	Enterobacter sp. 638, complete genome.	chromosome	98	100.00	0.03	3347744	3346337	1403	4518712	2441	0
M-G11_QB5629_2019-08-29_G01	1028307.3.NC_015663	Enterobacter aerogenes KCTC 2190	1028307.3	NC_015663	Enterobacter aerogenes KCTC 2190 chromosome, complete genome.	chromosome	98	100.00	0.03	221587	220180	1403	5280350	2435	0
M-G11_QB5629_2019-08-29_G01	158822.7.CP009458	Cedecea neteri M006	158822.7	CP009458	Cedecea neteri strain M006, complete genome.	chromosome	98	100.00	0.03	1124152	1125561	1403	4965436	2431	0
M-G11_QB5629_2019-08-29_G01	158822.6.CP009451	Cedecea neteri SSMD04	158822.6	CP009451	Cedecea neteri strain SSMD04, complete genome.	chromosome	98	100.00	0.03	1762983	1761576	1403	4876443	2413	0
M-G11_QB5629_2019-08-29_G01	1006000.3.JMPL01000225	Kluyvera ascorbata ATCC 33433	1006000.3	JMPL01000225	Kluyvera ascorbata ATCC 33433 GKAS.assembly.225, whole genome shotgun sequence.		98	100.00	90.20	65	1472	1403	1561	2407	0
M-G11_QB5629_2019-08-29_G01	1076550.3.CP009454	Pantoea rwandensis ND04	1076550.3	CP009454	Pantoea rwandensis strain ND04, complete genome.	chromosome	98	100.00	0.03	1575524	1576931	1403	4327607	2407	0
O-G1_QB5629_2019-08-29_E07	83655.10.CP013990	Leclercia adecarboxylata strain USDA-ARS-USMARC-60222	83655.10	CP013990	Leclercia adecarboxylata strain USDA-ARS-USMARC-60222, complete genome.	chromosome	99	99.93	0.03	3893175	3891766	1409	4803917	2559	0
O-G1_QB5629_2019-08-29_E07	716541.4.NC_014121	Enterobacter cloacae subsp. cloacae ATCC 13047	716541.4	NC_014121	Enterobacter cloacae subsp. cloacae ATCC 13047 chromosome, complete genome.	chromosome	99	99.93	0.03	1015809	1017218	1409	5314581	2531	0
O-G1_QB5629_2019-08-29_E07	571.62.CP011636	Klebsiella oxytoca strain CAV1374	571.62	CP011636	Klebsiella oxytoca strain CAV1374, complete genome.	chromosome	99	99.93	0.02	127563	126154	1409	6257473	2487	0
O-G1_QB5629_2019-08-29_E07	1333848.3.CP007557	Citrobacter freundii CFNIH1	1333848.3	CP007557	Citrobacter freundii CFNIH1, complete genome.	chromosome	98	99.93	0.03	746368	744959	1409	5099034	2481	0
O-G1_QB5629_2019-08-29_E07	1006551.4.CP003218	Klebsiella oxytoca KCTC 1686	1006551.4	CP003218	Klebsiella oxytoca KCTC 1686, complete genome.	chromosome	98	99.93	0.02	1703188	1704597	1409	5974109	2476	0
O-G1_QB5629_2019-08-29_E07	1115515.3.BBMZ01000044	Escherichia vulneris NBRC 102420	1115515.3	BBMZ01000044	Escherichia vulneris NBRC 102420 DNA, contig: EV10242044, whole genome shotgun sequence.	contig	98	99.93	81.13	204	1613	1409	1738	2476	0
O-G1_QB5629_2019-08-29_E07	888063.3.NZ_AFHR01000079	Enterobacter hormaechei ATCC 49162	888063.3	NZ_AFHR01000079	Enterobacter hormaechei ATCC 49162 contig00079, whole genome shotgun sequence.	chromosome	98	99.93	86.41	1540	129	1409	1634	2466	0
O-G1_QB5629_2019-08-29_E07	1028307.3.NC_015663	Enterobacter aerogenes KCTC 2190	1028307.3	NC_015663	Enterobacter aerogenes KCTC 2190 chromosome, complete genome.	chromosome	98	99.93	0.03	221587	220178	1409	5280350	2459	0
O-G1_QB5629_2019-08-29_E07	158822.7.CP009458	Cedecea neteri M006	158822.7	CP009458	Cedecea neteri strain M006, complete genome.	chromosome	98	99.93	0.03	63482	62071	1409	4965436	2455	0
O-G1_QB5629_2019-08-29_E07	158822.6.CP009451	Cedecea neteri SSMD04	158822.6	CP009451	Cedecea neteri strain SSMD04, complete genome.	chromosome	98	99.93	0.03	1762983	1761574	1409	4876443	2453	0
R-C1_QB5629_2019-08-29_F07	1042209.11.AFOY02000020	Pseudomonas fluorescens HK44	1042209.11	AFOY02000020	Pseudomonas fluorescens HK44 Contig20, whole genome shotgun sequence.	contig	99	99.86	2.65	244	1647	1398	52898	2470	0
R-C1_QB5629_2019-08-29_F07	994484.3.NC_015379	Pseudomonas brassicacearum subsp. brassicacearum NFM421	994484.3	NC_015379	Pseudomonas brassicacearum subsp. brassicacearum NFM421 chromosome, complete genome.	chromosome	98	99.86	0.02	6173084	6171681	1398	6843248	2420	0
R-C1_QB5629_2019-08-29_F07	216595.4.NC_012660	Pseudomonas fluorescens SBW25	216595.4	NC_012660	Pseudomonas fluorescens SBW25, complete genome.	chromosome	98	99.86	0.02	119770	121173	1398	6722539	2415	0
R-C1_QB5629_2019-08-29_F07	1117958.3.AHIP01000073	Pseudomonas extremaustralis 14-3 substr. 14-3b	1117958.3	AHIP01000073	Pseudomonas extremaustralis 14-3 substr. 14-3b strain 14-3 contig00073, whole genome shotgun sequence.	chromosome	98	99.86	25.89	5155	3752	1398	5423	2409	0
R-C1_QB5629_2019-08-29_F07	1295141.3.AOUH01000021	Pseudomonas veronii 1YdBTEX2	1295141.3	AOUH01000021	Pseudomonas veronii 1YdBTEX2 Contig21, whole genome shotgun sequence.	chromosome	98	99.86	0.81	171190	172593	1398	173501	2409	0
R-C1_QB5629_2019-08-29_F07	1114970.3.CP003150	Pseudomonas fluorescens F113	1114970.3	CP003150	Pseudomonas fluorescens F113, complete genome.	chromosome	97	99.86	0.02	165948	167351	1398	6845832	2387	0
R-C1_QB5629_2019-08-29_F07	1037915.3.CM001490	Pseudomonas chlororaphis O6	1037915.3	CM001490	Pseudomonas chlororaphis O6 chromosome, whole genome shotgun sequence.	chromosome	98	99.86	0.02	4795775	4794379	1398	6980251	2385	0
R-C1_QB5629_2019-08-29_F07	1295141.3.AOUH01000018	Pseudomonas veronii 1YdBTEX2	1295141.3	AOUH01000018	Pseudomonas veronii 1YdBTEX2 Contig18, whole genome shotgun sequence.	chromosome	97	99.86	0.42	169315	170713	1398	335449	2365	0
R-C1_QB5629_2019-08-29_F07	1207075.3.CP003880	Pseudomonas sp. UW4	1207075.3	CP003880	Pseudomonas sp. UW4	chromosome	97	99.86	0.02	1080594	1081997	1398	6183388	2354	0
R-C1_QB5629_2019-08-29_F07	264730.9.NC_005773	Pseudomonas syringae pv. phaseolicola 1448A	264730.9	NC_005773	Pseudomonas syringae pv. phaseolicola 1448A, complete genome.	chromosome	97	99.86	0.02	804052	805457	1398	5928787	2345	0
R-D5-gfp_QB5629_2019-08-29_D07	205922.5.NC_007492	Pseudomonas fluorescens Pf0-1	205922.5	NC_007492	Pseudomonas fluorescens Pf0-1, complete genome.	chromosome	98	99.86	0.02	121517	122924	1409	6438405	2477	0
R-D5-gfp_QB5629_2019-08-29_D07	216142.3.CP009533	Pseudomonas rhizosphaerae DSM 16299	216142.3	CP009533	Pseudomonas rhizosphaerae strain DSM 16299, complete genome.	chromosome	98	99.86	0.03	4146327	4147734	1409	4688635	2461	0
R-D5-gfp_QB5629_2019-08-29_D07	243924.3.JRMB01000003	Pseudomonas lutea DSM 17257	243924.3	JRMB01000003	Pseudomonas lutea strain DSM 17257 Contig003, whole genome shotgun sequence.	contig	98	99.86	0.32	283651	285058	1409	438427	2450	0
R-D5-gfp_QB5629_2019-08-29_D07	243924.3.JRMB01000002	Pseudomonas lutea DSM 17257	243924.3	JRMB01000002	Pseudomonas lutea strain DSM 17257 Contig002, whole genome shotgun sequence.	contig	98	99.86	0.07	2836	1429	1409	1930416	2450	0
R-D5-gfp_QB5629_2019-08-29_D07	243924.3.JRMB01000004	Pseudomonas lutea DSM 17257	243924.3	JRMB01000004	Pseudomonas lutea strain DSM 17257 Contig004, whole genome shotgun sequence.	contig	98	99.86	0.38	368640	370047	1409	372002	2444	0
R-D5-gfp_QB5629_2019-08-29_D07	1229486.3.AUYO01000282	gamma proteobacterium L18	1229486.3	AUYO01000282	Gamma proteobacterium L18 L18_contig00282, whole genome shotgun sequence.	chromosome	98	99.86	73.56	1552	145	1409	1914	2439	0
R-D5-gfp_QB5629_2019-08-29_D07	157782.3.CP009747	Pseudomonas parafulva strain CRS01-1	157782.3	CP009747	Pseudomonas parafulva strain CRS01-1, complete genome.	chromosome	98	99.86	0.03	113380	114787	1409	5087619	2428	0
R-D5-gfp_QB5629_2019-08-29_D07	50340.43.JSYZ01000003	Pseudomonas fuscovaginae strain IRRI 6609	50340.43	JSYZ01000003	Pseudomonas fuscovaginae strain IRRI 6609 Pf_IRRI_6609_contig_3.3, whole genome shotgun sequence.	contig	98	99.86	0.24	475	1882	1409	596761	2422	0
R-D5-gfp_QB5629_2019-08-29_D07	1179778.3.AJWX01000059	Pseudomonas sp. M47T1	1179778.3	AJWX01000059	Pseudomonas sp. M47T1 contig059, whole genome shotgun sequence.	chromosome	98	99.86	77.33	270	1678	1409	1822	2407	0
R-D5-gfp_QB5629_2019-08-29_D07	522492.3.CCYK01000006	Pseudomonas sp. CB1	522492.3	CCYK01000006	Pseudomonas sp. CB1 genome assembly Pseudomonas massiliensis CB1, contig contig00006, whole genome shotgun sequence.	contig	97	99.86	0.14	1534	127	1409	1010626	2394	0
T-G7_QB5629_2019-08-29_E09	160488.4.NC_002947	Pseudomonas putida KT2440	160488.4	NC_002947	Pseudomonas putida KT2440, complete genome.	chromosome	100	99.86	0.02	171426	172826	1402	6181863	2570	0
T-G7_QB5629_2019-08-29_E09	1330531.3.ASJX01000036	Pseudomonas plecoglossicida NB2011	1330531.3	ASJX01000036	Pseudomonas plecoglossicida NB2011 contig36, whole genome shotgun sequence.	chromosome	100	99.86	79.20	1537	137	1402	1769	2564	0
T-G7_QB5629_2019-08-29_E09	384676.9.NC_008027	Pseudomonas entomophila L48	384676.9	NC_008027	Pseudomonas entomophila L48, complete genome.	chromosome	99	99.86	0.02	115546	116946	1402	5888780	2537	0
T-G7_QB5629_2019-08-29_E09	1211579.3.AP013070	Pseudomonas putida NBRC 14164	1211579.3	AP013070	Pseudomonas putida NBRC 14164 DNA, complete genome.	chromosome	99	99.86	0.02	169524	170924	1402	6156701	2514	0
T-G7_QB5629_2019-08-29_E09	157782.3.CP009747	Pseudomonas parafulva strain CRS01-1	157782.3	CP009747	Pseudomonas parafulva strain CRS01-1, complete genome.	chromosome	99	99.86	0.03	113384	114784	1402	5087619	2498	0
T-G7_QB5629_2019-08-29_E09	1215104.3.BBIR01000146	Pseudomonas japonica NBRC 103040 = DSM 22348	1215104.3	BBIR01000146	Pseudomonas japonica NBRC 103040 = DSM 22348 DNA, contig: PJA01S_CON11601, whole genome shotgun sequence.	contig	99	99.86	26.41	139	1539	1402	5304	2481	0
T-G7_QB5629_2019-08-29_E09	157783.3.CP009455	Pseudomonas cremoricolorata ND07	157783.3	CP009455	Pseudomonas cremoricolorata strain ND07, complete genome.	chromosome	99	99.86	0.03	95000	93600	1402	4780403	2481	0
T-G7_QB5629_2019-08-29_E09	1005395.3.AMWJ01000135	Pseudomonas putida CSV86	1005395.3	AMWJ01000135	Pseudomonas putida CSV86 contig00147, whole genome shotgun sequence.	chromosome	99	99.86	72.52	289	1689	1402	1932	2476	0
T-G7_QB5629_2019-08-29_E09	237609.3.CP009048	Pseudomonas alkylphenolia strain KL28	237609.3	CP009048	Pseudomonas alkylphenolia strain KL28, complete genome.	chromosome	99	99.86	0.02	154161	155561	1402	5764622	2470	0
T-G7_QB5629_2019-08-29_E09	743720.3.NC_015556	Pseudomonas fulva 12-X	743720.3	NC_015556	Pseudomonas fulva 12-X chromosome, complete genome.	chromosome	98	99.86	0.03	239569	240968	1402	4920769	2453	0
